year,month,value,countrycode,base,desestacion
2010,1,89.83110985,MEX,2013,1
2010,2,90.2338586,MEX,2013,1
2010,3,91.23427054,MEX,2013,1
2010,4,91.32017053,MEX,2013,1
2010,5,91.42749226,MEX,2013,1
2010,6,91.47066411,MEX,2013,1
2010,7,91.77153667,MEX,2013,1
2010,8,92.05894834,MEX,2013,1
2010,9,92.42599534,MEX,2013,1
2010,10,92.4722815,MEX,2013,1
2010,11,92.59229022,MEX,2013,1
2010,12,93.25157084,MEX,2013,1
2011,1,93.39442933,MEX,2013,1
2011,2,93.65192269,MEX,2013,1
2011,3,94.06500927,MEX,2013,1
2011,4,93.50831704,MEX,2013,1
2011,5,94.50829315,MEX,2013,1
2011,6,95.03630708,MEX,2013,1
2011,7,95.51847122,MEX,2013,1
2011,8,96.05624783,MEX,2013,1
2011,9,96.19033805,MEX,2013,1
2011,10,96.23430381,MEX,2013,1
2011,11,97.14794871,MEX,2013,1
2011,12,96.78616539,MEX,2013,1
2012,1,97.34590802,MEX,2013,1
2012,2,97.54433794,MEX,2013,1
2012,3,97.88016738,MEX,2013,1
2012,4,98.37782323,MEX,2013,1
2012,5,97.72975994,MEX,2013,1
2012,6,98.60487367,MEX,2013,1
2012,7,99.19879137,MEX,2013,1
2012,8,98.66240658,MEX,2013,1
2012,9,98.94371691,MEX,2013,1
2012,10,98.97335291,MEX,2013,1
2012,11,100.4165989,MEX,2013,1
2012,12,99.51241339,MEX,2013,1
2013,1,99.50854446,MEX,2013,1
2013,2,99.55448722,MEX,2013,1
2013,3,99.62347231,MEX,2013,1
2013,4,99.18594028,MEX,2013,1
2013,5,99.74332565,MEX,2013,1
2013,6,99.54997266,MEX,2013,1
2013,7,99.61157456,MEX,2013,1
2013,8,100.300129,MEX,2013,1
2013,9,100.4430973,MEX,2013,1
2013,10,100.6800426,MEX,2013,1
2013,11,100.6640963,MEX,2013,1
2013,12,101.1816113,MEX,2013,1
2014,1,100.252961,MEX,2013,1
2014,2,101.6319253,MEX,2013,1
2014,3,101.64889,MEX,2013,1
2014,4,102.335935,MEX,2013,1
2014,5,102.7778493,MEX,2013,1
2014,6,102.5385915,MEX,2013,1
2014,7,102.9536665,MEX,2013,1
2014,8,102.7285251,MEX,2013,1
2014,9,102.6470794,MEX,2013,1
2014,10,103.8243463,MEX,2013,1
2014,11,104.0536677,MEX,2013,1
2014,12,104.1020671,MEX,2013,1
2015,1,104.1044425,MEX,2013,1
2015,2,104.4582429,MEX,2013,1
2015,3,104.5591751,MEX,2013,1
2015,4,106.1405804,MEX,2013,1
2015,5,105.1853399,MEX,2013,1
2015,6,105.6035859,MEX,2013,1
2015,7,106.464582,MEX,2013,1
2015,8,106.6441639,MEX,2013,1
2015,9,107.6873672,MEX,2013,1
2015,10,106.7493314,MEX,2013,1
2015,11,106.2892472,MEX,2013,1
2015,12,106.4823882,MEX,2013,1
2016,1,107.0281647,MEX,2013,1
2016,2,107.4664419,MEX,2013,1
2016,3,107.2344844,MEX,2013,1
2016,4,107.3404853,MEX,2013,1
2016,5,107.6637578,MEX,2013,1
2016,6,108.2621261,MEX,2013,1
2016,7,108.2196535,MEX,2013,1
2016,8,108.2421972,MEX,2013,1
2016,9,108.9490531,MEX,2013,1
2016,10,109.351484,MEX,2013,1
2016,11,109.6472975,MEX,2013,1
2016,12,110.3634691,MEX,2013,1
2017,1,110.4478362,MEX,2013,1
2017,2,109.86293,MEX,2013,1
2017,3,110.3494234,MEX,2013,1
2017,4,110.511143,MEX,2013,1
2017,5,109.6794093,MEX,2013,1
2017,6,110.9650732,MEX,2013,1
2017,7,109.9389989,MEX,2013,1
2017,8,110.9758724,MEX,2013,1
2017,9,109.5641656,MEX,2013,1
2017,10,111.115638,MEX,2013,1
2017,11,111.7674518,MEX,2013,1
2017,12,113.1257791,MEX,2013,1
2018,1,111.8200047,MEX,2013,1
2018,2,112.2795285,MEX,2013,1
2018,3,113.1514162,MEX,2013,1
2018,4,112.7476398,MEX,2013,1
2018,5,112.8942445,MEX,2013,1
2018,6,112.9614926,MEX,2013,1
2018,7,113.1876912,MEX,2013,1
2018,8,113.6399654,MEX,2013,1
2018,9,113.3947473,MEX,2013,1
2018,10,113.1833605,MEX,2013,1
2018,11,113.1756655,MEX,2013,1
2018,12,112.5866569,MEX,2013,1
2019,1,113.3484929,MEX,2013,1
2019,2,113.2315445,MEX,2013,1
2019,3,112.2977529,MEX,2013,1
2019,4,112.6532192,MEX,2013,1
2019,5,112.1245494,MEX,2013,1
2019,6,112.649835,MEX,2013,1
2019,7,112.53885029999999,MEX,2013,1
2019,8,113.2490916,MEX,2013,1
2019,9,113.3340791,MEX,2013,1
2019,10,112.7159714,MEX,2013,1
2019,11,112.1703667,MEX,2013,1
2019,12,112.0173297,MEX,2013,1
2020,1,113.334383,MEX,2013,1
2020,2,111.7185432,MEX,2013,1
2020,3,109.387313,MEX,2013,1
2020,4,90.39171782,MEX,2013,1
2020,5,87.46246806,MEX,2013,1
2020,6,96.16943116,MEX,2013,1
2020,7,101.3539749,MEX,2013,1
2020,8,104.0579787,MEX,2013,1
2020,9,106.4029029,MEX,2013,1
2020,10,107.3291686,MEX,2013,1
2020,11,107.8582676,MEX,2013,1
2020,12,107.94734,MEX,2013,1
2021,1,107.9524846,MEX,2013,1
2021,2,107.0583816,MEX,2013,1
2021,3,110.5154684,MEX,2013,1
2021,4,109.5385093,MEX,2013,1
2021,5,110.0412524,MEX,2013,1
2021,6,109.0171524,MEX,2013,1
2021,7,109.373973,MEX,2013,1
2021,8,108.1434139,MEX,2013,1
2021,9,107.8807056,MEX,2013,1
2021,10,107.7208306,MEX,2013,1
2021,11,108.3080614,MEX,2013,1
2021,12,109.1776865,MEX,2013,1
2010,1,131.7019866,ARG,2004,1
2010,2,132.9492792,ARG,2004,1
2010,3,134.0101017,ARG,2004,1
2010,4,136.9478304,ARG,2004,1
2010,5,139.1066122,ARG,2004,1
2010,6,140.6331968,ARG,2004,1
2010,7,139.4556261,ARG,2004,1
2010,8,139.8577222,ARG,2004,1
2010,9,139.4977576,ARG,2004,1
2010,10,140.1462366,ARG,2004,1
2010,11,142.0985572,ARG,2004,1
2010,12,142.2288021,ARG,2004,1
2011,1,145.9647491,ARG,2004,1
2011,2,144.22083,ARG,2004,1
2011,3,144.4503726,ARG,2004,1
2011,4,144.8855506,ARG,2004,1
2011,5,147.0182323,ARG,2004,1
2011,6,146.8322177,ARG,2004,1
2011,7,147.0779452,ARG,2004,1
2011,8,146.8149851,ARG,2004,1
2011,9,148.3981128,ARG,2004,1
2011,10,147.4168672,ARG,2004,1
2011,11,147.3817012,ARG,2004,1
2011,12,147.7557116,ARG,2004,1
2012,1,147.6260291,ARG,2004,1
2012,2,144.5654126,ARG,2004,1
2012,3,145.6289101,ARG,2004,1
2012,4,141.3996677,ARG,2004,1
2012,5,140.3452071,ARG,2004,1
2012,6,140.9897748,ARG,2004,1
2012,7,144.6584278,ARG,2004,1
2012,8,145.2194846,ARG,2004,1
2012,9,146.2584451,ARG,2004,1
2012,10,147.2506682,ARG,2004,1
2012,11,147.0930509,ARG,2004,1
2012,12,149.1354956,ARG,2004,1
2013,1,146.2668963,ARG,2004,1
2013,2,148.3989949,ARG,2004,1
2013,3,148.7788702,ARG,2004,1
2013,4,148.5040795,ARG,2004,1
2013,5,148.4895285,ARG,2004,1
2013,6,148.7984142,ARG,2004,1
2013,7,148.1643834,ARG,2004,1
2013,8,150.2275897,ARG,2004,1
2013,9,150.2577334,ARG,2004,1
2013,10,148.9480372,ARG,2004,1
2013,11,148.1036158,ARG,2004,1
2013,12,147.0891672,ARG,2004,1
2014,1,145.6980411,ARG,2004,1
2014,2,146.8055146,ARG,2004,1
2014,3,145.0246583,ARG,2004,1
2014,4,144.9883956,ARG,2004,1
2014,5,145.2076169,ARG,2004,1
2014,6,144.7331285,ARG,2004,1
2014,7,144.1486423,ARG,2004,1
2014,8,143.6884092,ARG,2004,1
2014,9,143.4997644,ARG,2004,1
2014,10,144.0290595,ARG,2004,1
2014,11,144.6795689,ARG,2004,1
2014,12,144.7490196,ARG,2004,1
2015,1,144.5254931,ARG,2004,1
2015,2,147.9267036,ARG,2004,1
2015,3,147.4795001,ARG,2004,1
2015,4,149.8499638,ARG,2004,1
2015,5,149.808766,ARG,2004,1
2015,6,150.5821535,ARG,2004,1
2015,7,150.6799066,ARG,2004,1
2015,8,150.0517505,ARG,2004,1
2015,9,149.0824602,ARG,2004,1
2015,10,149.3952416,ARG,2004,1
2015,11,148.4661022,ARG,2004,1
2015,12,146.8509017,ARG,2004,1
2016,1,148.1834937,ARG,2004,1
2016,2,146.6967326,ARG,2004,1
2016,3,145.9722277,ARG,2004,1
2016,4,145.2239801,ARG,2004,1
2016,5,144.3675449,ARG,2004,1
2016,6,144.2999671,ARG,2004,1
2016,7,144.3919233,ARG,2004,1
2016,8,145.5736048,ARG,2004,1
2016,9,145.090403,ARG,2004,1
2016,10,145.0632389,ARG,2004,1
2016,11,145.7409825,ARG,2004,1
2016,12,146.9672553,ARG,2004,1
2017,1,147.4137473,ARG,2004,1
2017,2,146.5253767,ARG,2004,1
2017,3,148.0394762,ARG,2004,1
2017,4,147.7860229,ARG,2004,1
2017,5,148.6549236,ARG,2004,1
2017,6,150.2499659,ARG,2004,1
2017,7,150.2475935,ARG,2004,1
2017,8,150.2125547,ARG,2004,1
2017,9,151.2069151,ARG,2004,1
2017,10,151.4859549,ARG,2004,1
2017,11,152.565464,ARG,2004,1
2017,12,152.4387096,ARG,2004,1
2018,1,152.0620294,ARG,2004,1
2018,2,152.0342753,ARG,2004,1
2018,3,151.3010125,ARG,2004,1
2018,4,146.8944144,ARG,2004,1
2018,5,144.4440796,ARG,2004,1
2018,6,143.1359772,ARG,2004,1
2018,7,143.1571703,ARG,2004,1
2018,8,146.5862606,ARG,2004,1
2018,9,143.1395514,ARG,2004,1
2018,10,143.5392725,ARG,2004,1
2018,11,141.6620093,ARG,2004,1
2018,12,141.8405733,ARG,2004,1
2019,1,142.9317881,ARG,2004,1
2019,2,143.7301139,ARG,2004,1
2019,3,141.3622435,ARG,2004,1
2019,4,142.5389366,ARG,2004,1
2019,5,144.6422718,ARG,2004,1
2019,6,143.6770882,ARG,2004,1
2019,7,145.3220325,ARG,2004,1
2019,8,144.7707534,ARG,2004,1
2019,9,141.1042199,ARG,2004,1
2019,10,143.252441,ARG,2004,1
2019,11,140.6838369,ARG,2004,1
2019,12,140.331171,ARG,2004,1
2020,1,140.7661288,ARG,2004,1
2020,2,140.8451021,ARG,2004,1
2020,3,125.6863682,ARG,2004,1
2020,4,105.2639215,ARG,2004,1
2020,5,116.4985534,ARG,2004,1
2020,6,124.28544050000001,ARG,2004,1
2020,7,126.4704756,ARG,2004,1
2020,8,129.021862,ARG,2004,1
2020,9,131.1606799,ARG,2004,1
2020,10,133.8819591,ARG,2004,1
2020,11,135.3385476,ARG,2004,1
2020,12,135.4886217,ARG,2004,1
2021,1,139.4705978,ARG,2004,1
2021,2,138.6485436,ARG,2004,1
2021,3,140.0341199,ARG,2004,1
2021,4,138.1077236,ARG,2004,1
2021,5,136.5962139,ARG,2004,1
2021,6,140.2783874,ARG,2004,1
2021,7,141.8207325,ARG,2004,1
2021,8,143.9394152,ARG,2004,1
2021,9,145.1027231,ARG,2004,1
2021,10,144.3492129,ARG,2004,1
2021,11,146.2871446,ARG,2004,1
2021,12,147.6714971,ARG,2004,1
2010,1,100,CAN,2010,1
2010,2,100,CAN,2010,1
2010,3,100,CAN,2010,1
2010,4,100,CAN,2010,1
2010,5,100,CAN,2010,1
2010,6,100,CAN,2010,1
2010,7,100,CAN,2010,1
2010,8,100,CAN,2010,1
2010,9,100,CAN,2010,1
2010,10,100,CAN,2010,1
2010,11,100,CAN,2010,1
2010,12,100,CAN,2010,1
2011,1,104.0843959,CAN,2010,1
2011,2,103.3569447,CAN,2010,1
2011,3,103.1797902,CAN,2010,1
2011,4,103.3217199,CAN,2010,1
2011,5,102.6499272,CAN,2010,1
2011,6,102.8385287,CAN,2010,1
2011,7,103.4061618,CAN,2010,1
2011,8,103.6225691,CAN,2010,1
2011,9,103.9299491,CAN,2010,1
2011,10,103.3924987,CAN,2010,1
2011,11,103.0220808,CAN,2010,1
2011,12,102.8025609,CAN,2010,1
2012,1,106.5597342,CAN,2010,1
2012,2,105.7319264,CAN,2010,1
2012,3,105.4916438,CAN,2010,1
2012,4,105.9861569,CAN,2010,1
2012,5,105.6932598,CAN,2010,1
2012,6,105.4737772,CAN,2010,1
2012,7,105.5346514,CAN,2010,1
2012,8,105.0799034,CAN,2010,1
2012,9,105.0782805,CAN,2010,1
2012,10,104.4921598,CAN,2010,1
2012,11,104.4966682,CAN,2010,1
2012,12,103.7641406,CAN,2010,1
2013,1,108.2670065,CAN,2010,1
2013,2,108.0293175,CAN,2010,1
2013,3,107.8856121,CAN,2010,1
2013,4,108.2091789,CAN,2010,1
2013,5,108.0335531,CAN,2010,1
2013,6,107.3642401,CAN,2010,1
2013,7,107.833403,CAN,2010,1
2013,8,107.9813819,CAN,2010,1
2013,9,108.3600077,CAN,2010,1
2013,10,108.3855034,CAN,2010,1
2013,11,108.1413067,CAN,2010,1
2013,12,106.9485699,CAN,2010,1
2014,1,111.0002448,CAN,2010,1
2014,2,110.9823055,CAN,2010,1
2014,3,110.7478509,CAN,2010,1
2014,4,111.1097736,CAN,2010,1
2014,5,111.3269652,CAN,2010,1
2014,6,111.5495695,CAN,2010,1
2014,7,111.5541217,CAN,2010,1
2014,8,110.9877665,CAN,2010,1
2014,9,111.4462559,CAN,2010,1
2014,10,111.194202,CAN,2010,1
2014,11,110.7454531,CAN,2010,1
2014,12,110.1489884,CAN,2010,1
2015,1,113.7998359,CAN,2010,1
2015,2,113.0547088,CAN,2010,1
2015,3,112.4481516,CAN,2010,1
2015,4,112.5516013,CAN,2010,1
2015,5,111.999486,CAN,2010,1
2015,6,112.0139283,CAN,2010,1
2015,7,112.1400394,CAN,2010,1
2015,8,112.0404459,CAN,2010,1
2015,9,111.5914232,CAN,2010,1
2015,10,111.1251642,CAN,2010,1
2015,11,110.8644724,CAN,2010,1
2015,12,110.2241071,CAN,2010,1
2016,1,115.0446411,CAN,2010,1
2016,2,114.1181855,CAN,2010,1
2016,3,113.1543378,CAN,2010,1
2016,4,113.5494079,CAN,2010,1
2016,5,112.4162438,CAN,2010,1
2016,6,112.6643757,CAN,2010,1
2016,7,113.1719486,CAN,2010,1
2016,8,113.0930639,CAN,2010,1
2016,9,113.3923942,CAN,2010,1
2016,10,112.7458138,CAN,2010,1
2016,11,112.6300159,CAN,2010,1
2016,12,112.1577046,CAN,2010,1
2017,1,116.918672,CAN,2010,1
2017,2,116.5788531,CAN,2010,1
2017,3,116.4119666,CAN,2010,1
2017,4,117.1096433,CAN,2010,1
2017,5,117.0600104,CAN,2010,1
2017,6,116.9762084,CAN,2010,1
2017,7,117.0138874,CAN,2010,1
2017,8,116.5822613,CAN,2010,1
2017,9,116.8119874,CAN,2010,1
2017,10,116.4245968,CAN,2010,1
2017,11,116.4092878,CAN,2010,1
2017,12,116.0109016,CAN,2010,1
2018,1,120.3549379,CAN,2010,1
2018,2,120.2118484,CAN,2010,1
2018,3,120.0405058,CAN,2010,1
2018,4,120.2460855,CAN,2010,1
2018,5,120.3897482,CAN,2010,1
2018,6,120.2266584,CAN,2010,1
2018,7,120.4241719,CAN,2010,1
2018,8,120.2605963,CAN,2010,1
2018,9,120.4081007,CAN,2010,1
2018,10,120.1470244,CAN,2010,1
2018,11,119.3612572,CAN,2010,1
2018,12,118.5281321,CAN,2010,1
2019,1,123.0541859,CAN,2010,1
2019,2,122.1813789,CAN,2010,1
2019,3,122.3639484,CAN,2010,1
2019,4,122.9602236,CAN,2010,1
2019,5,122.7582125,CAN,2010,1
2019,6,122.6972616,CAN,2010,1
2019,7,122.5449699,CAN,2010,1
2019,8,122.1343643,CAN,2010,1
2019,9,122.325586,CAN,2010,1
2019,10,121.8873761,CAN,2010,1
2019,11,121.3104027,CAN,2010,1
2019,12,120.8111975,CAN,2010,1
2020,1,125.5023571,CAN,2010,1
2020,2,125.1526747,CAN,2010,1
2020,3,115.3479462,CAN,2010,1
2020,4,102.900905,CAN,2010,1
2020,5,107.0861798,CAN,2010,1
2020,6,112.9803566,CAN,2010,1
2020,7,115.7632282,CAN,2010,1
2020,8,116.5025082,CAN,2010,1
2020,9,117.6046404,CAN,2010,1
2020,10,117.7022546,CAN,2010,1
2020,11,117.9439619,CAN,2010,1
2020,12,117.1169867,CAN,2010,1
2021,1,122.118485,CAN,2010,1
2021,2,121.6868168,CAN,2010,1
2021,3,122.5445387,CAN,2010,1
2021,4,121.3285266,CAN,2010,1
2021,5,120.1044551,CAN,2010,1
2021,6,120.883206,CAN,2010,1
2021,7,121.2002882,CAN,2010,1
2021,8,121.6221655,CAN,2010,1
2021,9,121.972055,CAN,2010,1
2021,10,122.3191221,CAN,2010,1
2021,11,122.4916036,CAN,2010,1
2021,12,121.696874,CAN,2010,1
2010,1,NA,CHL,2013,1
2010,2,NA,CHL,2013,1
2010,3,NA,CHL,2013,1
2010,4,NA,CHL,2013,1
2010,5,NA,CHL,2013,1
2010,6,NA,CHL,2013,1
2010,7,NA,CHL,2013,1
2010,8,NA,CHL,2013,1
2010,9,NA,CHL,2013,1
2010,10,NA,CHL,2013,1
2010,11,NA,CHL,2013,1
2010,12,NA,CHL,2013,1
2011,1,NA,CHL,2013,1
2011,2,NA,CHL,2013,1
2011,3,NA,CHL,2013,1
2011,4,NA,CHL,2013,1
2011,5,NA,CHL,2013,1
2011,6,NA,CHL,2013,1
2011,7,NA,CHL,2013,1
2011,8,NA,CHL,2013,1
2011,9,NA,CHL,2013,1
2011,10,NA,CHL,2013,1
2011,11,NA,CHL,2013,1
2011,12,NA,CHL,2013,1
2012,1,NA,CHL,2013,1
2012,2,NA,CHL,2013,1
2012,3,NA,CHL,2013,1
2012,4,NA,CHL,2013,1
2012,5,NA,CHL,2013,1
2012,6,NA,CHL,2013,1
2012,7,NA,CHL,2013,1
2012,8,NA,CHL,2013,1
2012,9,NA,CHL,2013,1
2012,10,NA,CHL,2013,1
2012,11,NA,CHL,2013,1
2012,12,NA,CHL,2013,1
2013,1,98.41534689,CHL,2013,1
2013,2,98.0011871,CHL,2013,1
2013,3,98.72707772,CHL,2013,1
2013,4,99.2927653,CHL,2013,1
2013,5,99.54096384,CHL,2013,1
2013,6,100.8733565,CHL,2013,1
2013,7,100.9796435,CHL,2013,1
2013,8,100.7426196,CHL,2013,1
2013,9,100.5738111,CHL,2013,1
2013,10,100.8625601,CHL,2013,1
2013,11,101.5356812,CHL,2013,1
2013,12,100.4549871,CHL,2013,1
2014,1,100.641548,CHL,2013,1
2014,2,101.4144096,CHL,2013,1
2014,3,101.2572136,CHL,2013,1
2014,4,101.3977473,CHL,2013,1
2014,5,101.9706951,CHL,2013,1
2014,6,101.4384446,CHL,2013,1
2014,7,101.3673378,CHL,2013,1
2014,8,101.2788944,CHL,2013,1
2014,9,101.9107852,CHL,2013,1
2014,10,102.799327,CHL,2013,1
2014,11,102.5809027,CHL,2013,1
2014,12,102.6423925,CHL,2013,1
2015,1,103.3048934,CHL,2013,1
2015,2,102.8820046,CHL,2013,1
2015,3,102.6284758,CHL,2013,1
2015,4,104.2851341,CHL,2013,1
2015,5,104.0648077,CHL,2013,1
2015,6,104.6695312,CHL,2013,1
2015,7,104.0692925,CHL,2013,1
2015,8,103.1412968,CHL,2013,1
2015,9,104.5557076,CHL,2013,1
2015,10,105.0765051,CHL,2013,1
2015,11,104.7428234,CHL,2013,1
2015,12,104.9410151,CHL,2013,1
2016,1,105.1332302,CHL,2013,1
2016,2,105.8595552,CHL,2013,1
2016,3,105.7508778,CHL,2013,1
2016,4,105.2273784,CHL,2013,1
2016,5,105.1108776,CHL,2013,1
2016,6,106.01694,CHL,2013,1
2016,7,105.5062222,CHL,2013,1
2016,8,105.8145963,CHL,2013,1
2016,9,105.9445628,CHL,2013,1
2016,10,106.1105827,CHL,2013,1
2016,11,106.4048327,CHL,2013,1
2016,12,105.5547659,CHL,2013,1
2017,1,105.7717723,CHL,2013,1
2017,2,105.1304284,CHL,2013,1
2017,3,104.4667215,CHL,2013,1
2017,4,105.8763627,CHL,2013,1
2017,5,106.3711623,CHL,2013,1
2017,6,106.9397189,CHL,2013,1
2017,7,107.7405368,CHL,2013,1
2017,8,108.1281855,CHL,2013,1
2017,9,108.4725534,CHL,2013,1
2017,10,108.9156718,CHL,2013,1
2017,11,109.4737683,CHL,2013,1
2017,12,108.8498003,CHL,2013,1
2018,1,109.9109153,CHL,2013,1
2018,2,110.3187621,CHL,2013,1
2018,3,110.6967795,CHL,2013,1
2018,4,111.5576828,CHL,2013,1
2018,5,111.637259,CHL,2013,1
2018,6,111.4739443,CHL,2013,1
2018,7,111.3619877,CHL,2013,1
2018,8,110.4686702,CHL,2013,1
2018,9,110.898478,CHL,2013,1
2018,10,111.8499226,CHL,2013,1
2018,11,113.0219775,CHL,2013,1
2018,12,111.4882098,CHL,2013,1
2019,1,112.0966674,CHL,2013,1
2019,2,111.2333081,CHL,2013,1
2019,3,112.2418304,CHL,2013,1
2019,4,113.3945066,CHL,2013,1
2019,5,113.9151122,CHL,2013,1
2019,6,113.286978,CHL,2013,1
2019,7,113.41854,CHL,2013,1
2019,8,114.8119772,CHL,2013,1
2019,9,113.8168672,CHL,2013,1
2019,10,108.2493745,CHL,2013,1
2019,11,108.805893,CHL,2013,1
2019,12,111.955992,CHL,2013,1
2020,1,114.0383235,CHL,2013,1
2020,2,114.4832826,CHL,2013,1
2020,3,108.1633767,CHL,2013,1
2020,4,99.77040619,CHL,2013,1
2020,5,97.78471826,CHL,2013,1
2020,6,97.568163,CHL,2013,1
2020,7,99.79935384,CHL,2013,1
2020,8,102.8122899,CHL,2013,1
2020,9,106.8544507,CHL,2013,1
2020,10,107.8670839,CHL,2013,1
2020,11,109.3372468,CHL,2013,1
2020,12,112.1366551,CHL,2013,1
2021,1,113.3299979,CHL,2013,1
2021,2,114.811924,CHL,2013,1
2021,3,113.3988342,CHL,2013,1
2021,4,112.3761615,CHL,2013,1
2021,5,115.7965826,CHL,2013,1
2021,6,117.9658433,CHL,2013,1
2021,7,119.4720715,CHL,2013,1
2021,8,120.5943178,CHL,2013,1
2021,9,121.8977302,CHL,2013,1
2021,10,123.0132501,CHL,2013,1
2021,11,123.5497576,CHL,2013,1
2021,12,123.0534482,CHL,2013,1
2010,1,77.27849244,COL,2015,1
2010,2,78.15544819,COL,2015,1
2010,3,78.75616228,COL,2015,1
2010,4,79.60573444,COL,2015,1
2010,5,79.13333074,COL,2015,1
2010,6,79.47490362,COL,2015,1
2010,7,79.28516,COL,2015,1
2010,8,79.3808664,COL,2015,1
2010,9,80.24366788,COL,2015,1
2010,10,81.10584346,COL,2015,1
2010,11,81.2796514,COL,2015,1
2010,12,82.52042778,COL,2015,1
2011,1,82.87436775,COL,2015,1
2011,2,82.84547916,COL,2015,1
2011,3,83.81836382,COL,2015,1
2011,4,84.17201385,COL,2015,1
2011,5,84.08657215,COL,2015,1
2011,6,84.58338738,COL,2015,1
2011,7,84.77714062,COL,2015,1
2011,8,86.4094254,COL,2015,1
2011,9,85.75198871,COL,2015,1
2011,10,86.28342442,COL,2015,1
2011,11,86.97941434,COL,2015,1
2011,12,86.9099513,COL,2015,1
2012,1,87.40619055,COL,2015,1
2012,2,87.14735107,COL,2015,1
2012,3,88.33434249,COL,2015,1
2012,4,88.00109075,COL,2015,1
2012,5,88.51457608,COL,2015,1
2012,6,88.94793013,COL,2015,1
2012,7,88.02527178,COL,2015,1
2012,8,87.00275302,COL,2015,1
2012,9,88.33119399,COL,2015,1
2012,10,88.51885768,COL,2015,1
2012,11,89.43685038,COL,2015,1
2012,12,89.12301309,COL,2015,1
2013,1,91.41962994,COL,2015,1
2013,2,90.63435959,COL,2015,1
2013,3,91.11179957,COL,2015,1
2013,4,92.20239176,COL,2015,1
2013,5,93.0714211,COL,2015,1
2013,6,92.69564199,COL,2015,1
2013,7,93.78807825,COL,2015,1
2013,8,92.52006499,COL,2015,1
2013,9,93.43154297,COL,2015,1
2013,10,94.0829509,COL,2015,1
2013,11,94.80529683,COL,2015,1
2013,12,95.28576516,COL,2015,1
2014,1,95.74009713,COL,2015,1
2014,2,96.85952137,COL,2015,1
2014,3,96.19812432,COL,2015,1
2014,4,96.67199722,COL,2015,1
2014,5,96.2551432,COL,2015,1
2014,6,96.1012805,COL,2015,1
2014,7,96.66220265,COL,2015,1
2014,8,96.3851173,COL,2015,1
2014,9,97.7861439,COL,2015,1
2014,10,98.6716131,COL,2015,1
2014,11,97.93777854,COL,2015,1
2014,12,98.90228895,COL,2015,1
2015,1,98.97483847,COL,2015,1
2015,2,99.11542024,COL,2015,1
2015,3,99.13553049,COL,2015,1
2015,4,100.1867277,COL,2015,1
2015,5,99.79535518,COL,2015,1
2015,6,99.93957399,COL,2015,1
2015,7,101.0613597,COL,2015,1
2015,8,100.11161800000001,COL,2015,1
2015,9,100.7267287,COL,2015,1
2015,10,100.7600202,COL,2015,1
2015,11,99.78504867,COL,2015,1
2015,12,100.4077786,COL,2015,1
2016,1,100.86218650000001,COL,2015,1
2016,2,102.0888432,COL,2015,1
2016,3,102.7165907,COL,2015,1
2016,4,101.1389955,COL,2015,1
2016,5,101.8315875,COL,2015,1
2016,6,102.2203002,COL,2015,1
2016,7,99.32306372,COL,2015,1
2016,8,103.2659041,COL,2015,1
2016,9,103.3406481,COL,2015,1
2016,10,102.4654731,COL,2015,1
2016,11,103.3309204,COL,2015,1
2016,12,103.6825238,COL,2015,1
2017,1,102.5211163,COL,2015,1
2017,2,102.9521107,COL,2015,1
2017,3,102.8460413,COL,2015,1
2017,4,103.0098364,COL,2015,1
2017,5,103.2371078,COL,2015,1
2017,6,104.8467432,COL,2015,1
2017,7,102.702342,COL,2015,1
2017,8,104.1948958,COL,2015,1
2017,9,103.8896409,COL,2015,1
2017,10,103.4996328,COL,2015,1
2017,11,104.1911739,COL,2015,1
2017,12,105.362665,COL,2015,1
2018,1,104.1595991,COL,2015,1
2018,2,104.3293549,COL,2015,1
2018,3,106.6983027,COL,2015,1
2018,4,105.1329974,COL,2015,1
2018,5,105.6758532,COL,2015,1
2018,6,106.56891,COL,2015,1
2018,7,105.6561165,COL,2015,1
2018,8,107.5240568,COL,2015,1
2018,9,106.7113878,COL,2015,1
2018,10,107.2469412,COL,2015,1
2018,11,107.7074263,COL,2015,1
2018,12,107.1062284,COL,2015,1
2019,1,107.8937345,COL,2015,1
2019,2,107.8601082,COL,2015,1
2019,3,107.8489951,COL,2015,1
2019,4,110.0262468,COL,2015,1
2019,5,110.0534346,COL,2015,1
2019,6,109.0273039,COL,2015,1
2019,7,110.1973983,COL,2015,1
2019,8,110.595206,COL,2015,1
2019,9,108.9604457,COL,2015,1
2019,10,110.4199021,COL,2015,1
2019,11,110.1381014,COL,2015,1
2019,12,110.6003615,COL,2015,1
2020,1,112.2312483,COL,2015,1
2020,2,111.700606,COL,2015,1
2020,3,100.3658895,COL,2015,1
2020,4,87.50616301,COL,2015,1
2020,5,91.44877231,COL,2015,1
2020,6,96.48792549,COL,2015,1
2020,7,99.45706763,COL,2015,1
2020,8,99.95273046,COL,2015,1
2020,9,101.9581489,COL,2015,1
2020,10,105.5159285,COL,2015,1
2020,11,106.2246746,COL,2015,1
2020,12,107.1135305,COL,2015,1
2021,1,107.6136935,COL,2015,1
2021,2,109.5985978,COL,2015,1
2021,3,110.8915361,COL,2015,1
2021,4,110.3732575,COL,2015,1
2021,5,103.1494225,COL,2015,1
2021,6,110.755101,COL,2015,1
2021,7,113.0122965,COL,2015,1
2021,8,112.2299105,COL,2015,1
2021,9,115.7720955,COL,2015,1
2021,10,115.3564271,COL,2015,1
2021,11,117.0010274,COL,2015,1
2021,12,119.5298858,COL,2015,1
2010,1,75.46037909,CRI,2017,1
2010,2,75.33203441,CRI,2017,1
2010,3,77.5740834,CRI,2017,1
2010,4,75.97898125,CRI,2017,1
2010,5,76.94510554,CRI,2017,1
2010,6,76.92977691,CRI,2017,1
2010,7,77.74520503,CRI,2017,1
2010,8,77.78544665,CRI,2017,1
2010,9,78.05809959,CRI,2017,1
2010,10,78.1351282,CRI,2017,1
2010,11,78.13696655,CRI,2017,1
2010,12,77.760482,CRI,2017,1
2011,1,78.92488586,CRI,2017,1
2011,2,78.45848727,CRI,2017,1
2011,3,78.61685446,CRI,2017,1
2011,4,80.43697462,CRI,2017,1
2011,5,80.05120809,CRI,2017,1
2011,6,80.24439241,CRI,2017,1
2011,7,80.3540246,CRI,2017,1
2011,8,79.71994876,CRI,2017,1
2011,9,80.7649778,CRI,2017,1
2011,10,81.96905036,CRI,2017,1
2011,11,81.57737664,CRI,2017,1
2011,12,81.49830963,CRI,2017,1
2012,1,82.83732249,CRI,2017,1
2012,2,83.57311041,CRI,2017,1
2012,3,83.04855387,CRI,2017,1
2012,4,83.26554295,CRI,2017,1
2012,5,82.69898358,CRI,2017,1
2012,6,83.10329298,CRI,2017,1
2012,7,82.61245722,CRI,2017,1
2012,8,83.54218627,CRI,2017,1
2012,9,84.34258975,CRI,2017,1
2012,10,83.08013672,CRI,2017,1
2012,11,84.58729677,CRI,2017,1
2012,12,85.51421436,CRI,2017,1
2013,1,83.4416343,CRI,2017,1
2013,2,84.1073116,CRI,2017,1
2013,3,85.58521877,CRI,2017,1
2013,4,83.36776193,CRI,2017,1
2013,5,84.69416567,CRI,2017,1
2013,6,85.70169555,CRI,2017,1
2013,7,85.33788475,CRI,2017,1
2013,8,86.1720064,CRI,2017,1
2013,9,86.9576117,CRI,2017,1
2013,10,85.84946238,CRI,2017,1
2013,11,86.56398815,CRI,2017,1
2013,12,86.90758045,CRI,2017,1
2014,1,87.0402465,CRI,2017,1
2014,2,88.27002883,CRI,2017,1
2014,3,87.00638648,CRI,2017,1
2014,4,87.62088425,CRI,2017,1
2014,5,87.13318367,CRI,2017,1
2014,6,86.83688238,CRI,2017,1
2014,7,87.9880676,CRI,2017,1
2014,8,88.92436621,CRI,2017,1
2014,9,88.53134869,CRI,2017,1
2014,10,89.6551423,CRI,2017,1
2014,11,90.25135176,CRI,2017,1
2014,12,90.54220069,CRI,2017,1
2015,1,89.81407463,CRI,2017,1
2015,2,91.40020718,CRI,2017,1
2015,3,91.1098614,CRI,2017,1
2015,4,92.31200087,CRI,2017,1
2015,5,93.68842404,CRI,2017,1
2015,6,93.29753798,CRI,2017,1
2015,7,95.07945003,CRI,2017,1
2015,8,95.71609693,CRI,2017,1
2015,9,94.17318501,CRI,2017,1
2015,10,94.17333972,CRI,2017,1
2015,11,93.97409467,CRI,2017,1
2015,12,92.99606771,CRI,2017,1
2016,1,96.9701012,CRI,2017,1
2016,2,96.21868259,CRI,2017,1
2016,3,95.70106603,CRI,2017,1
2016,4,95.92437672,CRI,2017,1
2016,5,96.37287136,CRI,2017,1
2016,6,96.26997716,CRI,2017,1
2016,7,97.64087198,CRI,2017,1
2016,8,96.96897705,CRI,2017,1
2016,9,98.51408949,CRI,2017,1
2016,10,99.1488102,CRI,2017,1
2016,11,98.38332819,CRI,2017,1
2016,12,98.79192766,CRI,2017,1
2017,1,98.91055518,CRI,2017,1
2017,2,98.8556982,CRI,2017,1
2017,3,97.42683053,CRI,2017,1
2017,4,100.8062654,CRI,2017,1
2017,5,99.31611534,CRI,2017,1
2017,6,100.2239988,CRI,2017,1
2017,7,99.23434817,CRI,2017,1
2017,8,99.16598665,CRI,2017,1
2017,9,100.1728407,CRI,2017,1
2017,10,101.2254801,CRI,2017,1
2017,11,101.8938515,CRI,2017,1
2017,12,103.1292849,CRI,2017,1
2018,1,101.294095,CRI,2017,1
2018,2,101.1588057,CRI,2017,1
2018,3,103.0192078,CRI,2017,1
2018,4,102.4152917,CRI,2017,1
2018,5,104.8233708,CRI,2017,1
2018,6,104.1995592,CRI,2017,1
2018,7,103.9986251,CRI,2017,1
2018,8,103.7975443,CRI,2017,1
2018,9,103.6083096,CRI,2017,1
2018,10,102.7621378,CRI,2017,1
2018,11,103.0017255,CRI,2017,1
2018,12,102.7197333,CRI,2017,1
2019,1,103.7877581,CRI,2017,1
2019,2,103.9518172,CRI,2017,1
2019,3,102.6223803,CRI,2017,1
2019,4,104.7833335,CRI,2017,1
2019,5,104.1759169,CRI,2017,1
2019,6,104.9921577,CRI,2017,1
2019,7,104.4502398,CRI,2017,1
2019,8,104.9374814,CRI,2017,1
2019,9,104.9136242,CRI,2017,1
2019,10,105.732738,CRI,2017,1
2019,11,106.2612082,CRI,2017,1
2019,12,104.8538999,CRI,2017,1
2020,1,105.5607734,CRI,2017,1
2020,2,106.6071868,CRI,2017,1
2020,3,98.84027849,CRI,2017,1
2020,4,95.09998074,CRI,2017,1
2020,5,94.77296585,CRI,2017,1
2020,6,97.18183382,CRI,2017,1
2020,7,94.56610934,CRI,2017,1
2020,8,97.01904187,CRI,2017,1
2020,9,98.57075177,CRI,2017,1
2020,10,99.72417523,CRI,2017,1
2020,11,100.5148472,CRI,2017,1
2020,12,103.4819038,CRI,2017,1
2021,1,101.5437779,CRI,2017,1
2021,2,103.1073035,CRI,2017,1
2021,3,104.4882276,CRI,2017,1
2021,4,106.232123,CRI,2017,1
2021,5,107.4610686,CRI,2017,1
2021,6,106.8123022,CRI,2017,1
2021,7,111.1269046,CRI,2017,1
2021,8,109.9821838,CRI,2017,1
2021,9,110.2587912,CRI,2017,1
2021,10,110.173823,CRI,2017,1
2021,11,110.9130482,CRI,2017,1
2021,12,111.9779616,CRI,2017,1
2010,1,133.43,BRA,2003,1
2010,2,135.18,BRA,2003,1
2010,3,136.56,BRA,2003,1
2010,4,137.03,BRA,2003,1
2010,5,136.47,BRA,2003,1
2010,6,136.2,BRA,2003,1
2010,7,136.91,BRA,2003,1
2010,8,137.64,BRA,2003,1
2010,9,139.42,BRA,2003,1
2010,10,138.71,BRA,2003,1
2010,11,140.31,BRA,2003,1
2010,12,138.33,BRA,2003,1
2011,1,140.09,BRA,2003,1
2011,2,140.72,BRA,2003,1
2011,3,141.09,BRA,2003,1
2011,4,140.8,BRA,2003,1
2011,5,141.23,BRA,2003,1
2011,6,142.21,BRA,2003,1
2011,7,142.24,BRA,2003,1
2011,8,141.93,BRA,2003,1
2011,9,141.79,BRA,2003,1
2011,10,141.53,BRA,2003,1
2011,11,142.46,BRA,2003,1
2011,12,140.44,BRA,2003,1
2012,1,138.81,BRA,2003,1
2012,2,140.49,BRA,2003,1
2012,3,140.03,BRA,2003,1
2012,4,141.02,BRA,2003,1
2012,5,142.65,BRA,2003,1
2012,6,143.56,BRA,2003,1
2012,7,144,BRA,2003,1
2012,8,144.35,BRA,2003,1
2012,9,143.69,BRA,2003,1
2012,10,144.82,BRA,2003,1
2012,11,144.73,BRA,2003,1
2012,12,144.15,BRA,2003,1
2013,1,144.95,BRA,2003,1
2013,2,143.8,BRA,2003,1
2013,3,144.92,BRA,2003,1
2013,4,146.2,BRA,2003,1
2013,5,146.83,BRA,2003,1
2013,6,146.34,BRA,2003,1
2013,7,147.18,BRA,2003,1
2013,8,147.11,BRA,2003,1
2013,9,148.17,BRA,2003,1
2013,10,148.01,BRA,2003,1
2013,11,148.43,BRA,2003,1
2013,12,148.53,BRA,2003,1
2014,1,148.26,BRA,2003,1
2014,2,147.87,BRA,2003,1
2014,3,147.88,BRA,2003,1
2014,4,146.87,BRA,2003,1
2014,5,146.29,BRA,2003,1
2014,6,143.62,BRA,2003,1
2014,7,144.82,BRA,2003,1
2014,8,145.6,BRA,2003,1
2014,9,146.24,BRA,2003,1
2014,10,145.47,BRA,2003,1
2014,11,145.59,BRA,2003,1
2014,12,146.08,BRA,2003,1
2015,1,144.96,BRA,2003,1
2015,2,144.01,BRA,2003,1
2015,3,143.74,BRA,2003,1
2015,4,142.39,BRA,2003,1
2015,5,141.09,BRA,2003,1
2015,6,139.58,BRA,2003,1
2015,7,138.71,BRA,2003,1
2015,8,138.94,BRA,2003,1
2015,9,137.59,BRA,2003,1
2015,10,138.55,BRA,2003,1
2015,11,136.67,BRA,2003,1
2015,12,136.13,BRA,2003,1
2016,1,135.5,BRA,2003,1
2016,2,135.51,BRA,2003,1
2016,3,134.61,BRA,2003,1
2016,4,134.75,BRA,2003,1
2016,5,134.3,BRA,2003,1
2016,6,134.86,BRA,2003,1
2016,7,134.63,BRA,2003,1
2016,8,134.01,BRA,2003,1
2016,9,133.78,BRA,2003,1
2016,10,133.32,BRA,2003,1
2016,11,133.02,BRA,2003,1
2016,12,132.19,BRA,2003,1
2017,1,133.38,BRA,2003,1
2017,2,135.43,BRA,2003,1
2017,3,135.68,BRA,2003,1
2017,4,135.75,BRA,2003,1
2017,5,135.19,BRA,2003,1
2017,6,136.06,BRA,2003,1
2017,7,136.51,BRA,2003,1
2017,8,135.83,BRA,2003,1
2017,9,135.52,BRA,2003,1
2017,10,135.81,BRA,2003,1
2017,11,135.6,BRA,2003,1
2017,12,137.29,BRA,2003,1
2018,1,136.86,BRA,2003,1
2018,2,136.68,BRA,2003,1
2018,3,137.23,BRA,2003,1
2018,4,138.38,BRA,2003,1
2018,5,133.4,BRA,2003,1
2018,6,137.42,BRA,2003,1
2018,7,138.02,BRA,2003,1
2018,8,139.35,BRA,2003,1
2018,9,138,BRA,2003,1
2018,10,138.08,BRA,2003,1
2018,11,137.95,BRA,2003,1
2018,12,138.54,BRA,2003,1
2019,1,138.46,BRA,2003,1
2019,2,137.38,BRA,2003,1
2019,3,138.36,BRA,2003,1
2019,4,138.03,BRA,2003,1
2019,5,138.94,BRA,2003,1
2019,6,138.93,BRA,2003,1
2019,7,138.53,BRA,2003,1
2019,8,138.61,BRA,2003,1
2019,9,139.16,BRA,2003,1
2019,10,140.02,BRA,2003,1
2019,11,138.94,BRA,2003,1
2019,12,138.25,BRA,2003,1
2020,1,138.77,BRA,2003,1
2020,2,139.36,BRA,2003,1
2020,3,131.98,BRA,2003,1
2020,4,118.89,BRA,2003,1
2020,5,121.4,BRA,2003,1
2020,6,127.54,BRA,2003,1
2020,7,131.76,BRA,2003,1
2020,8,134.48,BRA,2003,1
2020,9,136.5,BRA,2003,1
2020,10,138.45,BRA,2003,1
2020,11,138.12,BRA,2003,1
2020,12,138.52,BRA,2003,1
2021,1,138.83,BRA,2003,1
2021,2,141.05,BRA,2003,1
2021,3,138.59,BRA,2003,1
2021,4,139.04,BRA,2003,1
2021,5,139.13,BRA,2003,1
2021,6,139.43,BRA,2003,1
2021,7,139.36,BRA,2003,1
2021,8,139.49,BRA,2003,1
2021,9,138.65,BRA,2003,1
2021,10,138.56,BRA,2003,1
2021,11,139.27,BRA,2003,1
2021,12,139.73,BRA,2003,1
2010,1,NA,ECU,2007,1
2010,2,NA,ECU,2007,1
2010,3,NA,ECU,2007,1
2010,4,NA,ECU,2007,1
2010,5,NA,ECU,2007,1
2010,6,NA,ECU,2007,1
2010,7,NA,ECU,2007,1
2010,8,NA,ECU,2007,1
2010,9,NA,ECU,2007,1
2010,10,NA,ECU,2007,1
2010,11,NA,ECU,2007,1
2010,12,NA,ECU,2007,1
2011,1,NA,ECU,2007,1
2011,2,NA,ECU,2007,1
2011,3,NA,ECU,2007,1
2011,4,NA,ECU,2007,1
2011,5,NA,ECU,2007,1
2011,6,NA,ECU,2007,1
2011,7,NA,ECU,2007,1
2011,8,NA,ECU,2007,1
2011,9,NA,ECU,2007,1
2011,10,NA,ECU,2007,1
2011,11,NA,ECU,2007,1
2011,12,NA,ECU,2007,1
2012,1,147.9640932,ECU,2007,1
2012,2,148.8552068,ECU,2007,1
2012,3,149.4652995,ECU,2007,1
2012,4,149.8558746,ECU,2007,1
2012,5,150.1023724,ECU,2007,1
2012,6,150.2563026,ECU,2007,1
2012,7,150.3978632,ECU,2007,1
2012,8,150.5877232,ECU,2007,1
2012,9,150.7970149,ECU,2007,1
2012,10,150.9469093,ECU,2007,1
2012,11,150.9587526,ECU,2007,1
2012,12,150.7896715,ECU,2007,1
2013,1,150.4809643,ECU,2007,1
2013,2,150.1614658,ECU,2007,1
2013,3,149.9776515,ECU,2007,1
2013,4,150.0959557,ECU,2007,1
2013,5,150.6006632,ECU,2007,1
2013,6,151.4901157,ECU,2007,1
2013,7,152.7812628,ECU,2007,1
2013,8,154.4335038,ECU,2007,1
2013,9,156.3274786,ECU,2007,1
2013,10,158.3489921,ECU,2007,1
2013,11,160.3464786,ECU,2007,1
2013,12,162.1922108,ECU,2007,1
2014,1,163.8023183,ECU,2007,1
2014,2,165.1347617,ECU,2007,1
2014,3,166.1541979,ECU,2007,1
2014,4,166.8659,ECU,2007,1
2014,5,167.2338202,ECU,2007,1
2014,6,167.2767523,ECU,2007,1
2014,7,167.066382,ECU,2007,1
2014,8,166.6207178,ECU,2007,1
2014,9,166.0036698,ECU,2007,1
2014,10,165.2939456,ECU,2007,1
2014,11,164.5707388,ECU,2007,1
2014,12,163.8995489,ECU,2007,1
2015,1,163.3233117,ECU,2007,1
2015,2,162.8159755,ECU,2007,1
2015,3,162.2705268,ECU,2007,1
2015,4,161.5727544,ECU,2007,1
2015,5,160.6264107,ECU,2007,1
2015,6,159.4077848,ECU,2007,1
2015,7,157.9207171,ECU,2007,1
2015,8,156.1831963,ECU,2007,1
2015,9,154.283053,ECU,2007,1
2015,10,152.3811357,ECU,2007,1
2015,11,150.6548304,ECU,2007,1
2015,12,149.2532433,ECU,2007,1
2016,1,148.2467062,ECU,2007,1
2016,2,147.6261071,ECU,2007,1
2016,3,147.3985311,ECU,2007,1
2016,4,147.5187582,ECU,2007,1
2016,5,147.9445542,ECU,2007,1
2016,6,148.6339983,ECU,2007,1
2016,7,149.5295837,ECU,2007,1
2016,8,150.5873232,ECU,2007,1
2016,9,151.7961948,ECU,2007,1
2016,10,153.0838027,ECU,2007,1
2016,11,154.3776026,ECU,2007,1
2016,12,155.5547924,ECU,2007,1
2017,1,156.5225842,ECU,2007,1
2017,2,157.1762925,ECU,2007,1
2017,3,157.4745178,ECU,2007,1
2017,4,157.450071,ECU,2007,1
2017,5,157.1522526,ECU,2007,1
2017,6,156.6711867,ECU,2007,1
2017,7,156.1158112,ECU,2007,1
2017,8,155.6571233,ECU,2007,1
2017,9,155.4513019,ECU,2007,1
2017,10,155.6512939,ECU,2007,1
2017,11,156.2707381,ECU,2007,1
2017,12,157.251953,ECU,2007,1
2018,1,158.4720397,ECU,2007,1
2018,2,159.8048652,ECU,2007,1
2018,3,161.1006439,ECU,2007,1
2018,4,162.2026376,ECU,2007,1
2018,5,163.0081877,ECU,2007,1
2018,6,163.4368127,ECU,2007,1
2018,7,163.4996878,ECU,2007,1
2018,8,163.2933924,ECU,2007,1
2018,9,162.9377337,ECU,2007,1
2018,10,162.5526911,ECU,2007,1
2018,11,162.2812251,ECU,2007,1
2018,12,162.168268,ECU,2007,1
2019,1,162.218681,ECU,2007,1
2019,2,162.3855239,ECU,2007,1
2019,3,162.6025043,ECU,2007,1
2019,4,162.7513241,ECU,2007,1
2019,5,162.7282041,ECU,2007,1
2019,6,162.4490008,ECU,2007,1
2019,7,161.815397,ECU,2007,1
2019,8,160.7367483,ECU,2007,1
2019,9,159.1391202,ECU,2007,1
2019,10,156.990854,ECU,2007,1
2019,11,154.3311938,ECU,2007,1
2019,12,151.3715895,ECU,2007,1
2020,1,148.3632323,ECU,2007,1
2020,2,145.612312,ECU,2007,1
2020,3,143.3761002,ECU,2007,1
2020,4,141.8393538,ECU,2007,1
2020,5,141.0730213,ECU,2007,1
2020,6,141.1184988,ECU,2007,1
2020,7,141.9685037,ECU,2007,1
2020,8,143.5041255,ECU,2007,1
2020,9,145.5558802,ECU,2007,1
2020,10,147.92799,ECU,2007,1
2020,11,150.4227751,ECU,2007,1
2020,12,152.8705894,ECU,2007,1
2021,1,155.1980142,ECU,2007,1
2021,2,157.3551853,ECU,2007,1
2021,3,159.3273999,ECU,2007,1
2021,4,161.1557233,ECU,2007,1
2021,5,162.9129026,ECU,2007,1
2021,6,164.5926754,ECU,2007,1
2021,7,166.1743327,ECU,2007,1
2021,8,167.6353713,ECU,2007,1
2021,9,168.943404,ECU,2007,1
2021,10,170.2003629,ECU,2007,1
2021,11,171.3057006,ECU,2007,1
2021,12,172.3294648,ECU,2007,1
2010,1,96.94,USA,2007,1
2010,2,97.01,USA,2007,1
2010,3,97.12,USA,2007,1
2010,4,97.33,USA,2007,1
2010,5,97.78,USA,2007,1
2010,6,97.97,USA,2007,1
2010,7,98.1,USA,2007,1
2010,8,98.21,USA,2007,1
2010,9,98.36,USA,2007,1
2010,10,98.62,USA,2007,1
2010,11,98.67,USA,2007,1
2010,12,99.06,USA,2007,1
2011,1,99.25,USA,2007,1
2011,2,99.49,USA,2007,1
2011,3,99.73,USA,2007,1
2011,4,99.98,USA,2007,1
2011,5,100.22,USA,2007,1
2011,6,100.44,USA,2007,1
2011,7,100.64,USA,2007,1
2011,8,100.85,USA,2007,1
2011,9,101.1,USA,2007,1
2011,10,101.42,USA,2007,1
2011,11,101.71,USA,2007,1
2011,12,101.94,USA,2007,1
2012,1,102.29,USA,2007,1
2012,2,102.56,USA,2007,1
2012,3,102.93,USA,2007,1
2012,4,103.14,USA,2007,1
2012,5,103.39,USA,2007,1
2012,6,103.59,USA,2007,1
2012,7,103.82,USA,2007,1
2012,8,104.11,USA,2007,1
2012,9,104.43,USA,2007,1
2012,10,104.64,USA,2007,1
2012,11,104.89,USA,2007,1
2012,12,105.08,USA,2007,1
2013,1,105.34,USA,2007,1
2013,2,105.75,USA,2007,1
2013,3,106.03,USA,2007,1
2013,4,106.24,USA,2007,1
2013,5,106.54,USA,2007,1
2013,6,106.79,USA,2007,1
2013,7,107.1,USA,2007,1
2013,8,107.4,USA,2007,1
2013,9,107.64,USA,2007,1
2013,10,107.89,USA,2007,1
2013,11,108.29,USA,2007,1
2013,12,108.55,USA,2007,1
2014,1,108.84,USA,2007,1
2014,2,109,USA,2007,1
2014,3,109.31,USA,2007,1
2014,4,109.85,USA,2007,1
2014,5,110.04,USA,2007,1
2014,6,110.47,USA,2007,1
2014,7,110.72,USA,2007,1
2014,8,111.04,USA,2007,1
2014,9,111.44,USA,2007,1
2014,10,111.84,USA,2007,1
2014,11,112.09,USA,2007,1
2014,12,112.54,USA,2007,1
2015,1,112.78,USA,2007,1
2015,2,113.21,USA,2007,1
2015,3,113.48,USA,2007,1
2015,4,113.81,USA,2007,1
2015,5,114.07,USA,2007,1
2015,6,114.48,USA,2007,1
2015,7,114.83,USA,2007,1
2015,8,115.09,USA,2007,1
2015,9,115.41,USA,2007,1
2015,10,115.71,USA,2007,1
2015,11,115.96,USA,2007,1
2015,12,116.33,USA,2007,1
2016,1,116.64,USA,2007,1
2016,2,116.88,USA,2007,1
2016,3,117.14,USA,2007,1
2016,4,117.38,USA,2007,1
2016,5,117.73,USA,2007,1
2016,6,117.96,USA,2007,1
2016,7,118.32,USA,2007,1
2016,8,118.55,USA,2007,1
2016,9,118.82,USA,2007,1
2016,10,119.12,USA,2007,1
2016,11,119.48,USA,2007,1
2016,12,119.75,USA,2007,1
2017,1,120,USA,2007,1
2017,2,120.32,USA,2007,1
2017,3,120.68,USA,2007,1
2017,4,120.94,USA,2007,1
2017,5,121.19,USA,2007,1
2017,6,121.55,USA,2007,1
2017,7,121.85,USA,2007,1
2017,8,122.09,USA,2007,1
2017,9,122.38,USA,2007,1
2017,10,122.71,USA,2007,1
2017,11,122.99,USA,2007,1
2017,12,123.34,USA,2007,1
2018,1,123.59,USA,2007,1
2018,2,123.91,USA,2007,1
2018,3,124.28,USA,2007,1
2018,4,124.52,USA,2007,1
2018,5,124.99,USA,2007,1
2018,6,125.15,USA,2007,1
2018,7,125.52,USA,2007,1
2018,8,125.83,USA,2007,1
2018,9,126.14,USA,2007,1
2018,10,126.38,USA,2007,1
2018,11,126.63,USA,2007,1
2018,12,126.86,USA,2007,1
2019,1,127.17,USA,2007,1
2019,2,127.42,USA,2007,1
2019,3,127.71,USA,2007,1
2019,4,128.1,USA,2007,1
2019,5,128.33,USA,2007,1
2019,6,128.56,USA,2007,1
2019,7,128.83,USA,2007,1
2019,8,129.07,USA,2007,1
2019,9,129.47,USA,2007,1
2019,10,129.71,USA,2007,1
2019,11,129.99,USA,2007,1
2019,12,130.28,USA,2007,1
2020,1,130.67,USA,2007,1
2020,2,131.06,USA,2007,1
2020,3,130.06,USA,2007,1
2020,4,115.96,USA,2007,1
2020,5,118.08,USA,2007,1
2020,6,120.14,USA,2007,1
2020,7,120.66,USA,2007,1
2020,8,122.12,USA,2007,1
2020,9,122.81,USA,2007,1
2020,10,123.82,USA,2007,1
2020,11,124.27,USA,2007,1
2020,12,124.44,USA,2007,1
2021,1,124.94,USA,2007,1
2021,2,125.51,USA,2007,1
2021,3,126.15,USA,2007,1
2021,4,126.55,USA,2007,1
2021,5,127.19,USA,2007,1
2021,6,127.91,USA,2007,1
2021,7,128.94,USA,2007,1
2021,8,129.56,USA,2007,1
2021,9,130.3,USA,2007,1
2021,10,130.85,USA,2007,1
2021,11,131.37,USA,2007,1
2021,12,131.85,USA,2007,1
2010,1,167.4,HND,2000,1
2010,2,168.9,HND,2000,1
2010,3,170,HND,2000,1
2010,4,170.7,HND,2000,1
2010,5,170.9,HND,2000,1
2010,6,170.5,HND,2000,1
2010,7,170.6,HND,2000,1
2010,8,170.9,HND,2000,1
2010,9,171.9,HND,2000,1
2010,10,173.5,HND,2000,1
2010,11,175.5,HND,2000,1
2010,12,177.4,HND,2000,1
2011,1,179.5,HND,2000,1
2011,2,180.5,HND,2000,1
2011,3,181,HND,2000,1
2011,4,181.4,HND,2000,1
2011,5,181.9,HND,2000,1
2011,6,182.7,HND,2000,1
2011,7,183.8,HND,2000,1
2011,8,184.8,HND,2000,1
2011,9,185.6,HND,2000,1
2011,10,185.9,HND,2000,1
2011,11,186.1,HND,2000,1
2011,12,186.4,HND,2000,1
2012,1,187.2,HND,2000,1
2012,2,188.2,HND,2000,1
2012,3,189.5,HND,2000,1
2012,4,190.9,HND,2000,1
2012,5,192.1,HND,2000,1
2012,6,193.2,HND,2000,1
2012,7,194,HND,2000,1
2012,8,194.7,HND,2000,1
2012,9,195.1,HND,2000,1
2012,10,195.1,HND,2000,1
2012,11,194.9,HND,2000,1
2012,12,194.6,HND,2000,1
2013,1,194.4,HND,2000,1
2013,2,194.4,HND,2000,1
2013,3,194.8,HND,2000,1
2013,4,195.5,HND,2000,1
2013,5,196.3,HND,2000,1
2013,6,197,HND,2000,1
2013,7,197.6,HND,2000,1
2013,8,198.1,HND,2000,1
2013,9,198.5,HND,2000,1
2013,10,198.8,HND,2000,1
2013,11,199.1,HND,2000,1
2013,12,199.4,HND,2000,1
2014,1,199.8,HND,2000,1
2014,2,200.2,HND,2000,1
2014,3,200.7,HND,2000,1
2014,4,201.1,HND,2000,1
2014,5,201.5,HND,2000,1
2014,6,201.6,HND,2000,1
2014,7,201.6,HND,2000,1
2014,8,201.8,HND,2000,1
2014,9,202.1,HND,2000,1
2014,10,202.6,HND,2000,1
2014,11,203.3,HND,2000,1
2014,12,204.3,HND,2000,1
2015,1,205.2,HND,2000,1
2015,2,206.2,HND,2000,1
2015,3,207.2,HND,2000,1
2015,4,208,HND,2000,1
2015,5,208.6,HND,2000,1
2015,6,209.2,HND,2000,1
2015,7,209.8,HND,2000,1
2015,8,210.3,HND,2000,1
2015,9,210.7,HND,2000,1
2015,10,211.2,HND,2000,1
2015,11,211.7,HND,2000,1
2015,12,212.2,HND,2000,1
2016,1,212.7,HND,2000,1
2016,2,213.2,HND,2000,1
2016,3,213.7,HND,2000,1
2016,4,214,HND,2000,1
2016,5,214.4,HND,2000,1
2016,6,215,HND,2000,1
2016,7,215.8,HND,2000,1
2016,8,216.9,HND,2000,1
2016,9,218.1,HND,2000,1
2016,10,219.4,HND,2000,1
2016,11,220.7,HND,2000,1
2016,12,221.8,HND,2000,1
2017,1,222.9,HND,2000,1
2017,2,224,HND,2000,1
2017,3,225,HND,2000,1
2017,4,226,HND,2000,1
2017,5,227,HND,2000,1
2017,6,227.9,HND,2000,1
2017,7,228.7,HND,2000,1
2017,8,229.3,HND,2000,1
2017,9,229.7,HND,2000,1
2017,10,230.1,HND,2000,1
2017,11,230.4,HND,2000,1
2017,12,230.9,HND,2000,1
2018,1,231.5,HND,2000,1
2018,2,232.4,HND,2000,1
2018,3,233.5,HND,2000,1
2018,4,234.6,HND,2000,1
2018,5,235.7,HND,2000,1
2018,6,236.4,HND,2000,1
2018,7,237,HND,2000,1
2018,8,237.4,HND,2000,1
2018,9,237.8,HND,2000,1
2018,10,238.2,HND,2000,1
2018,11,238.7,HND,2000,1
2018,12,239.3,HND,2000,1
2019,1,239.9,HND,2000,1
2019,2,240.7,HND,2000,1
2019,3,241.5,HND,2000,1
2019,4,242.2,HND,2000,1
2019,5,242.8,HND,2000,1
2019,6,243.2,HND,2000,1
2019,7,243.4,HND,2000,1
2019,8,243.5,HND,2000,1
2019,9,243.9,HND,2000,1
2019,10,244.4,HND,2000,1
2019,11,244.9,HND,2000,1
2019,12,245.1,HND,2000,1
2020,1,244.7,HND,2000,1
2020,2,244.4,HND,2000,1
2020,3,217.5,HND,2000,1
2020,4,217.8,HND,2000,1
2020,5,218.5,HND,2000,1
2020,6,221.2,HND,2000,1
2020,7,223.1,HND,2000,1
2020,8,224.9,HND,2000,1
2020,9,234.1,HND,2000,1
2020,10,235.3,HND,2000,1
2020,11,236.3,HND,2000,1
2020,12,237.5,HND,2000,1
2021,1,238.7,HND,2000,1
2021,2,240.3,HND,2000,1
2021,3,242.1,HND,2000,1
2021,4,244,HND,2000,1
2021,5,245.8,HND,2000,1
2021,6,247.6,HND,2000,1
2021,7,249.4,HND,2000,1
2021,8,251.1,HND,2000,1
2021,9,252.5,HND,2000,1
2021,10,253.6,HND,2000,1
2021,11,254.4,HND,2000,1
2021,12,254.9,HND,2000,1
